session_id,label,split,rx1_csv,rx2_csv
empty_01,empty,train,data/raw/empty_01_RX1.csv,data/raw/empty_01_RX2.csv
empty_03,empty,train,data/raw/empty_03_RX1.csv,data/raw/empty_03_RX2.csv
empty_05,empty,train,data/raw/empty_05_RX1.csv,data/raw/empty_05_RX2.csv
empty_06,empty,train,data/raw/empty_06_RX1.csv,data/raw/empty_06_RX2.csv
empty_08,empty,train,data/raw/empty_08_RX1.csv,data/raw/empty_08_RX2.csv
empty_02,empty,val,data/raw/empty_02_RX1.csv,data/raw/empty_02_RX2.csv
empty_07,empty,val,data/raw/empty_07_RX1.csv,data/raw/empty_07_RX2.csv
empty_04,empty,test,data/raw/empty_04_RX1.csv,data/raw/empty_04_RX2.csv
empty_09,empty,test,data/raw/empty_09_RX1.csv,data/raw/empty_09_RX2.csv
S01_stand_center,person,train,data/raw/S01_stand_center_RX1.csv,data/raw/S01_stand_center_RX2.csv
S01_sit_center,person,train,data/raw/S01_sit_center_RX1.csv,data/raw/S01_sit_center_RX2.csv
S01_stand_txside,person,train,data/raw/S01_stand_txside_RX1.csv,data/raw/S01_stand_txside_RX2.csv
S01_stand_rxside,person,train,data/raw/S01_stand_rxside_RX1.csv,data/raw/S01_stand_rxside_RX2.csv
S01_stand_left,person,train,data/raw/S01_stand_left_RX1.csv,data/raw/S01_stand_left_RX2.csv
S01_stand_right,person,train,data/raw/S01_stand_right_RX1.csv,data/raw/S01_stand_right_RX2.csv
S01_normal_walk,person,train,data/raw/S01_normal_walk_RX1.csv,data/raw/S01_normal_walk_RX2.csv
S02_stand_center,person,val,data/raw/S02_stand_center_RX1.csv,data/raw/S02_stand_center_RX2.csv
S02_sit_center,person,val,data/raw/S02_sit_center_RX1.csv,data/raw/S02_sit_center_RX2.csv
S02_stand_txside,person,val,data/raw/S02_stand_txside_RX1.csv,data/raw/S02_stand_txside_RX2.csv
S02_stand_rxside,person,val,data/raw/S02_stand_rxside_RX1.csv,data/raw/S02_stand_rxside_RX2.csv
S02_stand_left,person,val,data/raw/S02_stand_left_RX1.csv,data/raw/S02_stand_left_RX2.csv
S02_stand_right,person,val,data/raw/S02_stand_right_RX1.csv,data/raw/S02_stand_right_RX2.csv
S02_normal_walk,person,val,data/raw/S02_normal_walk_RX1.csv,data/raw/S02_normal_walk_RX2.csv
S03_stand_center,person,test,data/raw/S03_stand_center_RX1.csv,data/raw/S03_stand_center_RX2.csv
S03_sit_center,person,test,data/raw/S03_sit_center_RX1.csv,data/raw/S03_sit_center_RX2.csv
S03_stand_txside,person,test,data/raw/S03_stand_txside_RX1.csv,data/raw/S03_stand_txside_RX2.csv
S03_stand_rxside,person,test,data/raw/S03_stand_rxside_RX1.csv,data/raw/S03_stand_rxside_RX2.csv
S03_stand_left,person,test,data/raw/S03_stand_left_RX1.csv,data/raw/S03_stand_left_RX2.csv
S03_stand_right,person,test,data/raw/S03_stand_right_RX1.csv,data/raw/S03_stand_right_RX2.csv
S03_normal_walk,person,test,data/raw/S03_normal_walk_RX1.csv,data/raw/S03_normal_walk_RX2.csv
