session_id,rx1_ok,rx1_rate_hz,rx1_max_gap_s,rx2_ok,rx2_rate_hz,rx2_max_gap_s,pair_ok
S01_slow_walk,True,48.84497694321909,0.06517970000000162,True,49.59788882824237,0.06411710000000004,True
S01_walk_left_right,True,49.369187623562965,0.06412399999999963,True,48.20759049196522,0.03457419999999445,True
S01_walk_tx_rx,True,47.21224426566171,0.0702664999999989,True,47.50764847275692,0.0690142999999992,True
S02_slow_walk,True,49.85921209258049,0.0817666999999993,True,49.65792940234561,0.09384610000000038,True
S02_walk_left_right,True,45.03065071281635,0.2068449000000001,True,43.84712931360019,0.12243919999999875,True
S02_walk_tx_rx,True,48.20672894910437,0.05498960000000608,True,48.19296081169958,0.05418509999999799,True
S03_slow_walk,True,47.6135163034569,0.07789920000000002,True,47.20523751551282,0.0846506,True
S03_walk_left_right,True,44.160196402665356,0.14844260000000098,True,41.67179848692669,0.16970129999999983,True
S03_walk_tx_rx,True,47.951685683447614,0.07089069999999964,True,48.15180837645155,0.05452950000000001,True
