session_id,label,split,windows
empty_01,empty,train,121
empty_03,empty,train,121
empty_05,empty,train,121
empty_06,empty,train,121
empty_08,empty,train,121
empty_02,empty,val,121
empty_07,empty,val,121
empty_04,empty,test,121
empty_09,empty,test,121
S01_stand_center,person,train,121
S01_sit_center,person,train,121
S01_stand_txside,person,train,121
S01_stand_rxside,person,train,121
S01_stand_left,person,train,121
S01_stand_right,person,train,121
S01_normal_walk,person,train,121
S02_stand_center,person,val,121
S02_sit_center,person,val,121
S02_stand_txside,person,val,121
S02_stand_rxside,person,val,121
S02_stand_left,person,val,121
S02_stand_right,person,val,121
S02_normal_walk,person,val,121
S03_stand_center,person,test,121
S03_sit_center,person,test,121
S03_stand_txside,person,test,121
S03_stand_rxside,person,test,121
S03_stand_left,person,test,121
S03_stand_right,person,test,121
S03_normal_walk,person,test,121
